network,chain_id,currency,asset,denomination,pool_address,decimals,token_address,api_base,api_style,rpc_url,explorer_addr,explorer_tx,router_address
ethereum,1,ETH,ETH,0.1,0x12D66f87A04A9E220743712cE6d9bB1B5616B8Fc,18,,,,https://ethereum-rpc.publicnode.com,,,
ethereum,1,ETH,ETH,1,0x47CE0C6eD5B0Ce3d3A51fdb1C52DC66a7c3c2936,18,,,,https://ethereum-rpc.publicnode.com,,,
ethereum,1,ETH,ETH,10,0x910Cbd523D972eb0a6f4cAe4618aD62622b39DbF,18,,,,https://ethereum-rpc.publicnode.com,,,
ethereum,1,ETH,ETH,100,0xA160cdAB225685dA1d56aa342Ad8841c3b53f291,18,,,,https://ethereum-rpc.publicnode.com,,,
bsc,56,BNB,BNB,0.1,0x84443CFd09A48AF6eF360C6976C5392aC5023a1F,18,,,,https://bsc-rpc.publicnode.com,,,
bsc,56,BNB,BNB,1,0xd47438C816c9E7f2E2888E060936a499Af9582b3,18,,,,https://bsc-rpc.publicnode.com,,,
bsc,56,BNB,BNB,10,0x330bdFADE01eE9bF63C209Ee33102DD334618e0a,18,,,,https://bsc-rpc.publicnode.com,,,
bsc,56,BNB,BNB,100,0x1E34A77868E19A6647b1f2F47B51ed72dEDE95DD,18,,,,https://bsc-rpc.publicnode.com,,,
arbitrum,42161,ETH,ETH,0.1,0x84443CFd09A48AF6eF360C6976C5392aC5023a1F,18,,,,https://arbitrum-one-rpc.publicnode.com,,,
arbitrum,42161,ETH,ETH,1,0xd47438C816c9E7f2E2888E060936a499Af9582b3,18,,,,https://arbitrum-one-rpc.publicnode.com,,,
arbitrum,42161,ETH,ETH,10,0x330bdFADE01eE9bF63C209Ee33102DD334618e0a,18,,,,https://arbitrum-one-rpc.publicnode.com,,,
arbitrum,42161,ETH,ETH,100,0x1E34A77868E19A6647b1f2F47B51ed72dEDE95DD,18,,,,https://arbitrum-one-rpc.publicnode.com,,,
optimism,10,ETH,ETH,0.1,0x84443CFd09A48AF6eF360C6976C5392aC5023a1F,18,,https://optimism.blockscout.com/api,compat,https://optimism-rpc.publicnode.com,,,
optimism,10,ETH,ETH,1,0xd47438C816c9E7f2E2888E060936a499Af9582b3,18,,https://optimism.blockscout.com/api,compat,https://optimism-rpc.publicnode.com,,,
optimism,10,ETH,ETH,10,0x330bdFADE01eE9bF63C209Ee33102DD334618e0a,18,,https://optimism.blockscout.com/api,compat,https://optimism-rpc.publicnode.com,,,
optimism,10,ETH,ETH,100,0x1E34A77868E19A6647b1f2F47B51ed72dEDE95DD,18,,https://optimism.blockscout.com/api,compat,https://optimism-rpc.publicnode.com,,,
polygon,137,MATIC,MATIC,100,0x1E34A77868E19A6647b1f2F47B51ed72dEDE95DD,18,,,,https://polygon-bor-rpc.publicnode.com,,,0x0d5550d52428e7e3175bfc9550207e4ad3859b17
polygon,137,MATIC,MATIC,1000,0xdf231d99Ff8b6c6CBF4E9B9a945CBAcEF9339178,18,,,,https://polygon-bor-rpc.publicnode.com,,,0x0d5550d52428e7e3175bfc9550207e4ad3859b17
polygon,137,MATIC,MATIC,10000,0xaf4c0B70B2Ea9FB7487C7CbB37aDa259579fe040,18,,,,https://polygon-bor-rpc.publicnode.com,,,0x0d5550d52428e7e3175bfc9550207e4ad3859b17
gnosis,100,xDAI,xDAI,100,0x1E34A77868E19A6647b1f2F47B51ed72dEDE95DD,18,,,,https://gnosis-rpc.publicnode.com,,,
gnosis,100,xDAI,xDAI,1000,0xdf231d99Ff8b6c6CBF4E9B9a945CBAcEF9339178,18,,,,https://gnosis-rpc.publicnode.com,,,
gnosis,100,xDAI,xDAI,10000,0xaf4c0B70B2Ea9FB7487C7CbB37aDa259579fe040,18,,,,https://gnosis-rpc.publicnode.com,,,
avalanche,43114,AVAX,AVAX,10,0x330bdFADE01eE9bF63C209Ee33102DD334618e0a,18,,https://api.routescan.io/v2/network/mainnet/evm/43114/etherscan/api,compat,https://avalanche-c-chain-rpc.publicnode.com,,,0x0d5550d52428e7e3175bfc9550207e4ad3859b17
avalanche,43114,AVAX,AVAX,10,0xe1376deF383d1656f5A40B6ba31f8c035bfc26AA,18,,https://api.routescan.io/v2/network/mainnet/evm/43114/etherscan/api,compat,https://avalanche-c-chain-rpc.publicnode.com,,,0x171fb28ebffcb2737e530e1fd48cb4ef12e5031e
avalanche,43114,AVAX,AVAX,100,0x1E34A77868E19A6647b1f2F47B51ed72dEDE95DD,18,,https://api.routescan.io/v2/network/mainnet/evm/43114/etherscan/api,compat,https://avalanche-c-chain-rpc.publicnode.com,,,0x0d5550d52428e7e3175bfc9550207e4ad3859b17
avalanche,43114,AVAX,AVAX,100,0x7ce57F6a5A135eB1A8e9640aF1Eff9665adE00D9,18,,https://api.routescan.io/v2/network/mainnet/evm/43114/etherscan/api,compat,https://avalanche-c-chain-rpc.publicnode.com,,,0x171fb28ebffcb2737e530e1fd48cb4ef12e5031e
avalanche,43114,AVAX,AVAX,500,0x6CEB170E3ec0faFaE3be5a02FeFB81f524fE85c5,18,,https://api.routescan.io/v2/network/mainnet/evm/43114/etherscan/api,compat,https://avalanche-c-chain-rpc.publicnode.com,,,0x171fb28ebffcb2737e530e1fd48cb4ef12e5031e
base,8453,ETH,ETH,0.1,0x84443CFd09A48AF6eF360C6976C5392aC5023a1F,18,,,,https://base-rpc.publicnode.com,,,
base,8453,ETH,ETH,1,0xd47438C816c9E7f2E2888E060936a499Af9582b3,18,,,,https://base-rpc.publicnode.com,,,
base,8453,ETH,ETH,10,0x330bdFADE01eE9bF63C209Ee33102DD334618e0a,18,,,,https://base-rpc.publicnode.com,,,
base,8453,ETH,ETH,100,0x1E34A77868E19A6647b1f2F47B51ed72dEDE95DD,18,,,,https://base-rpc.publicnode.com,,,
ethereum,1,ETH,DAI,100,0xD4B88Df4D29F5CEDd6857912842cff3b20C8Cfa3,18,0x6b175474e89094c44da98b954eedeac495271d0f,,,https://ethereum-rpc.publicnode.com,,,
ethereum,1,ETH,DAI,1000,0xFD8610d20aA15b7B2E3Be39B396a1bC3516c7144,18,0x6b175474e89094c44da98b954eedeac495271d0f,,,https://ethereum-rpc.publicnode.com,,,
ethereum,1,ETH,DAI,1000,0xF60dD140cFf0706bAE9Cd734Ac3ae76AD9eBC32A,18,0x6b175474e89094c44da98b954eedeac495271d0f,,,https://ethereum-rpc.publicnode.com,,,
ethereum,1,ETH,DAI,10000,0x07687e702b410Fa43f4cB4Af7FA097918ffD2730,18,0x6b175474e89094c44da98b954eedeac495271d0f,,,https://ethereum-rpc.publicnode.com,,,
ethereum,1,ETH,DAI,100000,0x23773E65ed146A459791799d01336DB287f25334,18,0x6b175474e89094c44da98b954eedeac495271d0f,,,https://ethereum-rpc.publicnode.com,,,
ethereum,1,ETH,cDAI,5000,0x22aaA7720ddd5388A3c0A3333430953C68f1849b,8,0x5d3a536e4d6dbd6114cc1ead35777bab948e3643,,,https://ethereum-rpc.publicnode.com,,,
ethereum,1,ETH,cDAI,50000,0x03893a7c7463AE47D46bc7f091665f1893656003,8,0x5d3a536e4d6dbd6114cc1ead35777bab948e3643,,,https://ethereum-rpc.publicnode.com,,,
ethereum,1,ETH,cDAI,50000,0xBA214C1c1928a32Bffe790263E38B4Af9bFCD659,8,0x5d3a536e4d6dbd6114cc1ead35777bab948e3643,,,https://ethereum-rpc.publicnode.com,,,
ethereum,1,ETH,cDAI,500000,0x2717c5e28cf931547B621a5dddb772Ab6A35B701,8,0x5d3a536e4d6dbd6114cc1ead35777bab948e3643,,,https://ethereum-rpc.publicnode.com,,,
ethereum,1,ETH,cDAI,500000,0xb1C8094B234DcE6e03f10a5b673c1d8C69739A00,8,0x5d3a536e4d6dbd6114cc1ead35777bab948e3643,,,https://ethereum-rpc.publicnode.com,,,
ethereum,1,ETH,cDAI,5000000,0xD21be7248e0197Ee08E0c20D4a96DEBdaC3D20Af,8,0x5d3a536e4d6dbd6114cc1ead35777bab948e3643,,,https://ethereum-rpc.publicnode.com,,,
ethereum,1,ETH,USDC,100,0xd96f2B1c14Db8458374d9Aca76E26c3D18364307,6,0xa0b86991c6218b36c1d19d4a2e9eb0ce3606eb48,,,https://ethereum-rpc.publicnode.com,,,
ethereum,1,ETH,USDC,1000,0x4736dCf1b7A3d580672CcE6E7c65cd5cc9cFBa9D,6,0xa0b86991c6218b36c1d19d4a2e9eb0ce3606eb48,,,https://ethereum-rpc.publicnode.com,,,
ethereum,1,ETH,USDC,10000,0xD691F27f38B395864Ea86CfC7253969B409c362d,6,0xa0b86991c6218b36c1d19d4a2e9eb0ce3606eb48,,,https://ethereum-rpc.publicnode.com,,,
ethereum,1,ETH,cUSDC,5000,0xaEaaC358560e11f52454D997AAFF2c5731B6f8a6,8,0x39aa39c021dfbae8fac545936693ac917d5e7563,,,https://ethereum-rpc.publicnode.com,,,
ethereum,1,ETH,cUSDC,50000,0x1356c899D8C9467C7f71C195612F8A395aBf2f0a,8,0x39aa39c021dfbae8fac545936693ac917d5e7563,,,https://ethereum-rpc.publicnode.com,,,
ethereum,1,ETH,cUSDC,500000,0xA60C772958a3eD56c1F15dD055bA37AC8e523a0D,8,0x39aa39c021dfbae8fac545936693ac917d5e7563,,,https://ethereum-rpc.publicnode.com,,,
ethereum,1,ETH,USDT,100,0x169AD27A470D064DEDE56a2D3ff727986b15D52B,6,0xdac17f958d2ee523a2206206994597c13d831ec7,,,https://ethereum-rpc.publicnode.com,,,
ethereum,1,ETH,USDT,1000,0x0836222F2B2B24A3F36f98668Ed8F0B38D1a872f,6,0xdac17f958d2ee523a2206206994597c13d831ec7,,,https://ethereum-rpc.publicnode.com,,,
ethereum,1,ETH,USDT,10000,0xF67721A2D8F736E75a49FdD7FAd2e31D8676542a,6,0xdac17f958d2ee523a2206206994597c13d831ec7,,,https://ethereum-rpc.publicnode.com,,,
ethereum,1,ETH,USDT,100000,0x9AD122c22B14202B4490eDAf288FDb3C7cb3ff5E,6,0xdac17f958d2ee523a2206206994597c13d831ec7,,,https://ethereum-rpc.publicnode.com,,,
ethereum,1,ETH,WBTC,0.1,0x178169B423a011fff22B9e3F3abeA13414dDD0F1,8,0x2260fac5e5542a773aa44fbcfedf7c193bc2c599,,,https://ethereum-rpc.publicnode.com,,,
ethereum,1,ETH,WBTC,1,0x610B717796ad172B316836AC95a2ffad065CeaB4,8,0x2260fac5e5542a773aa44fbcfedf7c193bc2c599,,,https://ethereum-rpc.publicnode.com,,,
ethereum,1,ETH,WBTC,10,0xbB93e510BbCD0B7beb5A853875f9eC60275CF498,8,0x2260fac5e5542a773aa44fbcfedf7c193bc2c599,,,https://ethereum-rpc.publicnode.com,,,
